{
    "accuracy": 0.8563006632277081,
    "f1": 0.8562667773836741
}