{
    "accuracy": 0.6477523949889462,
    "f1": 0.6025269047308754
}