{
    "accuracy": 0.7396217145664455,
    "f1": 0.7379697693251781
}