{
    "accuracy": 0.7619047619047619,
    "f1": 0.7623099154579585
}