{
    "accuracy": 0.6785714285714286,
    "f1": 0.6770662287903668
}