{
    "accuracy": 0.5952380952380952,
    "f1": 0.5940901601707047
}